categoryid;$;categoryname;$;description;$;picture
1;$;Beverages;$;Soft drinks, coffees, teas, beers, and ales;$;[-1,-40,-1,-31,19,82,69,120,105,102,0,0,77,77,0,42,0,0,0,8,0,7,1,18,0,3,0,0,0,1,0,1,0,0,1,26,0,5,0,0,0,1,0,0,0,98,1,27,0,5,0,0,0,1,0,0,0,106,1,40,0,3,0,0,0,1,0,2,0,0,1,49,0,2,0,0,0,30,0,0,0,114,1,50,0,2,0,0,0,20,0,0,0,-112,-121,105,0,4,0,0]
2;$;Condiments;$;Sweet and savory sauces, relishes, spreads, and seasonings;$;
3;$;Confections;$;Desserts, candies, and sweet breads;$;
4;$;Dairy Products;$;Cheeses;$;
5;$;Grains/Cereals;$;Breads, crackers, pasta, and cereal;$;
6;$;Meat/Poultry;$;Prepared meats;$;
7;$;Produce;$;Dried fruit and bean curd;$;
8;$;Seafood;$;Seaweed and fish;$;