{
    "name":"fullcalendarcomponent",
    "displayName":"Fullcalendar Component",
    "packageType": "Web-Component",
    "icon": "https://raw.githubusercontent.com/Servoy/fullcalendarcomponent/master/fullcalendarcomponent/fullcalendar.png",
    "description": "This Servoy Web Package contains the fullcalendar component which display events on a full-sized calendar and supports drag & drop event. The component is a 1-to-1 implementation of the fullcalendar J-Query plugin.",
    "wikiUrl": "https://github.com/Servoy/fullcalendarcomponent/wiki",
    "sourceUrl" : "https://github.com/Servoy/fullcalendarcomponent",
    "releases" : [{"version":"1.0.0","url":"https://github.com/Servoy/fullcalendarcomponent/releases/download/v1.0.0/fullcalendarcomponent.zip", "servoy-version":"8.1.1"},
   				  {"version":"1.0.1","url":"https://github.com/Servoy/fullcalendarcomponent/releases/download/v1.0.1/fullcalendarcomponent.zip", "servoy-version":"8.1.1 - 8.2.0"},
   				  {"version":"1.1.0","url":"https://github.com/Servoy/fullcalendarcomponent/releases/download/v1.1.0/fullcalendarcomponent.zip", "servoy-version":"8.2.0"},
   				  {"version":"1.1.1","url":"https://github.com/Servoy/fullcalendarcomponent/releases/download/v1.1.1/fullcalendarcomponent.zip", "servoy-version":"8.2.1 - 8.3.0"},
   				  {"version":"1.1.2","url":"https://github.com/Servoy/fullcalendarcomponent/releases/download/v1.1.2/fullcalendarcomponent.zip", "servoy-version":"8.3.0"}]
}